Имя,Возраст
Иван,25
Анна,30
Пётр,28
Елена,22
Иван,25
Анна,30
Пётр,28
Елена,22
Иван,25
Анна,30
Пётр,28
Елена,22
Иван,25
Анна,30
Пётр,28
Елена,22
Иван,25
Анна,30
Пётр,28
Елена,22
Иван,25
Анна,30
Пётр,28
Елена,22
Иван,25
Анна,30
Пётр,28
Елена,22
Иван,25
Анна,30
Пётр,28
Елена,22
Иван,25
Анна,30
Пётр,28
Елена,22
Иван,25
Анна,30
Пётр,28
Елена,22
Иван,25
Анна,30
Пётр,28
Елена,22
Иван,25
Анна,30
Пётр,28
Елена,22
Иван,25
Анна,30
Пётр,28
Елена,22
Иван,25
Анна,30
Пётр,28
Елена,22
Иван,25
Анна,30
Пётр,28
Елена,22
Иван,25
Анна,30
Пётр,28
Елена,22
Иван,25
Анна,30
Пётр,28
Елена,22
Иван,25
Анна,30
Пётр,28
Елена,22
Иван,25
Анна,30
Пётр,28
Елена,22
Иван,25
Анна,30
Пётр,28
Елена,22
