Имя,Возраст,Город
Иван,50,Одесса
Кирилл,15,Калифорния
Василий,68,Вена
Мария,22,Киев
Алексей,35,Лондон
Светлана,29,Бристоль
Мария,22,Киев
Алексей,35,Лондон
Светлана,29,Бристоль
Мария,22,Киев
Алексей,35,Лондон
Светлана,29,Бристоль
Мария,22,Киев
Алексей,35,Лондон
Светлана,29,Бристоль
Мария,22,Киев
Алексей,35,Лондон
Светлана,29,Бристоль
Мария,22,Киев
Алексей,35,Лондон
Светлана,29,Бристоль
Мария,22,Киев
Алексей,35,Лондон
Светлана,29,Бристоль
Мария,22,Киев
Алексей,35,Лондон
Светлана,29,Бристоль
Мария,22,Киев
Алексей,35,Лондон
Светлана,29,Бристоль
Мария,22,Киев
Алексей,35,Лондон
Светлана,29,Бристоль
Мария,22,Киев
Алексей,35,Лондон
Светлана,29,Бристоль
Мария,22,Киев
Алексей,35,Лондон
Светлана,29,Бристоль
Мария,22,Киев
Алексей,35,Лондон
Светлана,29,Бристоль
Мария,22,Киев
Алексей,35,Лондон
Светлана,29,Бристоль
Мария,22,Киев
Алексей,35,Лондон
Светлана,29,Бристоль
Мария,22,Киев
Алексей,35,Лондон
Светлана,29,Бристоль
Мария,22,Киев
Алексей,35,Лондон
Светлана,29,Бристоль
Мария,22,Киев
Алексей,35,Лондон
Светлана,29,Бристоль
Мария,22,Киев
Алексей,35,Лондон
Светлана,29,Бристоль
Мария,22,Киев
Алексей,35,Лондон
Светлана,29,Бристоль
Мария,22,Киев
Алексей,35,Лондон
Светлана,29,Бристоль
Мария,22,Киев
Алексей,35,Лондон
Светлана,29,Бристоль
Мария,22,Киев
Алексей,35,Лондон
Светлана,29,Бристоль
Мария,22,Киев
Алексей,35,Лондон
Светлана,29,Бристоль
Мария,22,Киев
Алексей,35,Лондон
Светлана,29,Бристоль
Мария,22,Киев
Алексей,35,Лондон
Светлана,29,Бристоль
Мария,22,Киев
Алексей,35,Лондон
Светлана,29,Бристоль
Мария,22,Киев
Алексей,35,Лондон
Светлана,29,Бристоль
Мария,22,Киев
Алексей,35,Лондон
Светлана,29,Бристоль
Мария,22,Киев
Алексей,35,Лондон
Светлана,29,Бристоль
Мария,22,Киев
Алексей,35,Лондон
Светлана,29,Бристоль
Мария,22,Киев
Алексей,35,Лондон
Светлана,29,Бристоль
Мария,22,Киев
Алексей,35,Лондон
Светлана,29,Бристоль
Мария,22,Киев
Алексей,35,Лондон
Светлана,29,Бристоль
Мария,22,Киев
Алексей,35,Лондон
Светлана,29,Бристоль
Мария,22,Киев
Алексей,35,Лондон
Светлана,29,Бристоль
